{
"name":"plane",
"vertex_count":6,
"vertex_positions":[10.0, 0.0, 10.0, -10.0, 0.0, -10.0, -10.0, 0.0, 10.0, 10.0, 0.0, 10.0, 10.0, 0.0, -10.0, -10.0, 0.0, -10.0],
"vertex_normals":[0.0, 1.0, 0.0, 0.0, 1.0, 0.0, 0.0, 1.0, 0.0, 0.0, 1.0, 0.0, 0.0, 1.0, 0.0, 0.0, 1.0, 0.0],
"vertex_colors":[],
"texture_coordinates":[0.9998997449874878, 9.997998859034851e-05, 0.00010008112440118566, 0.9998999834060669, 9.997998859034851e-05, 0.00010028338874690235, 0.9998997449874878, 9.997998859034851e-05, 0.9998998045921326, 0.9998998641967773, 0.00010008112440118566, 0.9998999834060669]
}